host_id,window_start,ingressBytes_sampled,egressBytes_sampled,inRxmitBytes_sampled,outRxmitBytes_sampled,inCongestionBytes_sampled,connections_sampled,ingressBytes_0,ingressBytes_1,ingressBytes_2,ingressBytes_3,ingressBytes_4,ingressBytes_5,ingressBytes_6,ingressBytes_7,ingressBytes_8,ingressBytes_9,ingressBytes_10,ingressBytes_11,ingressBytes_12,ingressBytes_13,ingressBytes_14,ingressBytes_15,ingressBytes_16,ingressBytes_17,ingressBytes_18,ingressBytes_19,ingressBytes_20,ingressBytes_21,ingressBytes_22,ingressBytes_23,ingressBytes_24,ingressBytes_25,ingressBytes_26,ingressBytes_27,ingressBytes_28,ingressBytes_29,ingressBytes_30,ingressBytes_31,ingressBytes_32,ingressBytes_33,ingressBytes_34,ingressBytes_35,ingressBytes_36,ingressBytes_37,ingressBytes_38,ingressBytes_39,ingressBytes_40,ingressBytes_41,ingressBytes_42,ingressBytes_43,ingressBytes_44,ingressBytes_45,ingressBytes_46,ingressBytes_47,ingressBytes_48,ingressBytes_49
58,1000,1564724,667122,0,0,0,2138,363,602,70,0,0,0,0,0,0,0,0,0,0,0,0,0,0,0,0,0,0,0,0,0,0,0,0,0,0,0,0,0,0,0,0,0,0,262,94885,11723,395351,205711,108212,110083,72695,69216,245530,128384,73603,48034
26,0,2017176,2454549,0,0,0,5527,13964,12689,12269,57043,82761,81340,26760,16156,20451,17587,11832,18998,120649,42667,27743,29777,33815,40912,25946,38429,30595,35532,32389,85126,107075,82809,121458,66139,50144,22414,15882,47760,61952,47171,31027,33905,32949,23267,26464,27557,37891,27662,27995,32411,39077,29294,18314,32806,32012,26311
25,500,666461,8317127,0,0,0,10691,17001,16197,14104,14651,15971,13417,16177,14862,12267,11259,9157,9525,9741,10614,10861,13811,17153,15159,18631,10588,13246,15824,10102,12782,15307,14029,14798,11507,14483,10303,11750,11549,13949,12456,16964,15196,14904,11764,14878,13047,10801,11896,15950,11317,14003,11422,11804,11566,14061,13657
84,1000,0,0,0,0,0,0,0,0,0,0,0,0,0,0,0,0,0,0,0,0,0,0,0,0,0,0,0,0,0,0,0,0,0,0,0,0,0,0,0,0,0,0,0,0,0,0,0,0,0,0,0,0,0,0,0,0
43,0,4233629,3425221,482,0,0,15592,77143,76921,80408,84457,81330,98441,95471,91910,109047,103912,87237,85299,85869,84037,84400,80134,75236,79272,85882,90556,81700,80868,85970,80609,87070,92125,88578,85799,79198,79365,81207,87493,91406,82881,75604,77161,80389,79233,83962,81656,85031,89219,83512,76292,75052,76919,83886,86929,88206,89347
71,500,3781063,11379471,0,93,0,1248,76321,72184,82798,77886,81207,70036,78663,77803,54954,60191,75319,82040,83732,71987,80380,72192,69331,87344,71910,67624,71924,92616,103106,85533,72442,78539,89013,94057,82549,75796,71902,65592,58005,52439,62072,83608,72491,71803,80200,86370,83370,62758,62908,62092,82542,87259,84800,85569,69806,56000
31,500,0,0,0,0,0,0,0,0,0,0,0,0,0,0,0,0,0,0,0,0,0,0,0,0,0,0,0,0,0,0,0,0,0,0,0,0,0,0,0,0,0,0,0,0,0,0,0,0,0,0,0,0,0,0,0,0
70,0,2804394,3205193,0,0,0,8012,72407,37337,32642,33549,42467,28391,66555,72168,53348,40095,41529,35082,47413,85368,58180,34123,41080,57268,72118,100993,99413,97126,113234,91834,72925,63265,67351,46478,4643,23616,46147,62000,113084,137087,69066,17676,16973,10984,8967,15223,9807,7153,15803,58775,94327,80644,61673,84345,84105,78557
44,500,383729,880396,0,0,0,6157,7760,8539,9920,6497,9530,10201,10461,9489,6301,4002,8171,10045,11502,7849,6579,8457,5151,5824,7325,5335,3569,8215,6490,6741,6677,9568,11835,9639,8455,8526,5638,4646,10075,7479,6628,8405,9686,6348,4476,4453,6987,7108,9547,9289,8628,5719,10452,8829,6215,4468
65,1000,147694,694901,0,0,0,489,281,1473,6069,7639,493,718,1104,569,0,98,245,1187,4491,4929,2839,962,2439,207,1355,2614,1352,2553,24,1020,3486,2906,654,3457,8630,3452,3463,2976,1915,4680,7213,5290,938,1363,5254,9594,4578,308,355,3339,7966,3653,2917,3644,7864,3138
52,500,30726,32269,0,0,0,6,0,0,0,0,0,0,0,0,0,0,0,0,0,2095,3552,31,54,0,0,2272,3853,0,2333,3955,0,31,54,2158,3659,126,247,54,0,0,158,299,54,0,0,0,0,2098,3558,31,54,0,0,0,0,0
80,1000,1873832,3545890,0,0,0,95,222,16030,57650,52818,0,16738,39075,17873,1117,1910,0,0,0,0,15982,27331,0,47550,151585,128166,14312,2170,1856,31,56986,99890,4333,0,0,7020,23843,25913,9695,1117,4733,25924,38241,4367,1583,759,28612,83296,67326,38440,64771,65015,77895,146350,236949,168358
30,500,269846,562707,0,0,0,210,14777,12276,11924,2957,1631,6345,1790,2856,5398,1448,20,6711,5472,1243,7191,2244,86,3833,3576,8537,4812,9173,2707,172,172,3871,2475,2420,3834,982,1387,37686,24356,5528,20422,8314,2265,682,1429,2292,638,20,1023,576,7546,8751,3902,720,8673,2703
54,0,3469704,24443119,0,0,0,3004,83127,84128,94593,135507,88593,172218,152731,67490,94567,62528,76226,62107,16273,990,1253,7971,61152,52478,68208,58744,47949,8867,1789,3310,1652,8063,25702,61868,77372,118231,220832,206502,209095,153197,167315,277091,211358,45009,82055,69024,15481,6579,1078,1094,567,873,2260,2154,1771,682
15,1000,2069549,1932336,93,4908,0,2738,309656,139345,88188,51425,49028,21727,23737,21188,14509,18690,21844,10799,10937,18274,62405,44357,69909,33889,47691,20316,62691,33770,14213,11114,12550,11042,20077,52926,18210,10527,22272,103409,198151,36225,8459,23376,26414,19204,6043,8602,20170,22610,10317,10506,12737,25425,60932,24929,66436,38298
70,0,844895,1341652,0,0,0,888,2074,6053,92231,96983,6032,9166,11787,3459,18081,23301,9230,1362,1409,4868,3527,27252,52467,37326,19773,16640,5434,17234,9903,37280,8962,50363,35489,5249,12508,5887,5620,10159,2205,7922,4932,13717,5075,14651,56345,12551,3765,13507,9393,12523,14750,10142,11217,3326,362,1403
34,0,648972,15158420,0,0,0,191,2986,3219,4341,3561,2601,2594,2437,2461,2599,1992,1348,600,3222,355,1854,862,5357,32631,2823,746,46,421,1085,1798,1422,698,995,3367,12,310,1453,123,454,1131,1415,440,9394,109390,331104,81367,78,478,0,2727,16631,233,1150,1243,1079,339
26,1000,869831,1631,0,0,0,1,0,0,0,0,0,0,245363,1481,0,0,0,303896,314102,1884,3087,18,0,0,0,0,0,0,0,0,0,0,0,0,0,0,0,0,0,0,0,0,0,0,0,0,0,0,0,0,0,0,0,0,0,0
43,0,9810774,2632275,0,0,1862316,949,146,88,0,0,0,27151,22485,0,6887,6415,906,335040,399761,468932,784482,462026,503529,625803,584670,310707,211653,599751,352702,287661,488996,314637,96466,305843,264676,41744,42097,38233,52680,59818,198487,659200,438705,325386,268171,12756,8422,1872,3929,9230,4992,0,100409,83154,0,76
7,0,311,85,0,0,0,0,0,0,0,0,0,0,0,0,0,0,0,0,0,0,0,0,0,0,0,0,0,0,0,0,0,0,0,0,0,155,156,0,0,0,0,0,0,0,0,0,0,0,0,0,0,0,0,0,0,0
2,1000,257228,412448,0,0,0,441,11988,2957,3132,6017,1056,1096,842,1158,2950,4906,1796,4167,5394,1628,3925,5384,7033,1415,1941,3637,995,3208,21501,17139,2922,2837,5761,1719,11870,9719,13219,6553,1206,977,1023,815,4250,10062,6750,374,297,655,1799,18005,27819,5028,5255,1630,1002,416
10,1000,0,0,0,0,0,0,0,0,0,0,0,0,0,0,0,0,0,0,0,0,0,0,0,0,0,0,0,0,0,0,0,0,0,0,0,0,0,0,0,0,0,0,0,0,0,0,0,0,0,0,0,0,0,0,0,0
47,500,10647787,12086138,93,0,0,1682,505673,365989,353166,146592,169191,201562,468486,502866,378329,560206,515170,222259,77721,3096,1519,4821,76134,367241,469910,397262,410526,541277,153485,66876,149435,405017,95091,120990,349912,251715,193768,308938,96959,226833,53995,513,369,86313,312855,32,209,400,525,5011,97998,377623,331857,221734,32,306
60,0,1921007,3936458,93,255,0,3553,14178,47225,55034,26006,11863,12146,10996,10842,10904,33219,20521,11515,13885,14548,10262,8898,14507,11091,9385,91114,251373,82121,20101,9165,9042,10691,13250,13879,19613,34124,261450,373345,83428,27837,13224,12171,15754,12239,19295,10886,9051,14832,20373,14385,6800,25262,21334,15043,28248,34552
57,1000,352,85,0,0,0,0,0,0,0,0,0,0,0,0,0,0,0,0,0,0,0,0,0,0,0,0,0,0,0,0,0,0,0,0,0,0,0,0,0,0,0,0,0,0,0,0,0,0,192,160,0,0,0,0,0,0
75,0,352,85,0,0,0,0,0,0,0,0,0,0,0,0,0,0,0,0,66,286,0,0,0,0,0,0,0,0,0,0,0,0,0,0,0,0,0,0,0,0,0,0,0,0,0,0,0,0,0,0,0,0,0,0,0,0
71,1000,214,325,0,0,0,0,0,0,0,0,0,0,0,0,0,0,0,0,0,0,0,0,0,0,0,0,0,0,0,0,0,0,0,0,0,0,0,0,0,0,0,0,0,0,0,0,0,0,0,0,0,0,0,0,0,214
68,1000,0,0,0,0,0,0,0,0,0,0,0,0,0,0,0,0,0,0,0,0,0,0,0,0,0,0,0,0,0,0,0,0,0,0,0,0,0,0,0,0,0,0,0,0,0,0,0,0,0,0,0,0,0,0,0,0
15,500,4896779,1991148,0,0,0,183,96696,13918,1850,164,2707,4304,472,2630,311,0,3983,472,0,49575,5878,0,254639,210731,415181,104658,22423,60761,263457,110905,9860,2667,22895,339830,42682,275488,438507,828080,310310,145639,67392,34482,75289,11161,4615,23433,95789,163433,165377,80159,7671,107413,12847,2643,311,3091
5,0,1381,2578,0,0,0,1,0,0,0,0,0,0,0,0,0,0,0,0,193,2,0,0,0,142,306,4,0,0,0,0,0,0,0,0,0,0,0,0,0,0,0,0,0,0,0,0,0,0,0,0,367,4,0,0,0,363
40,1000,765541,647550,0,0,0,5,39957,91916,0,0,0,0,0,438,1008,0,1741,4006,408,940,0,106,12884,29072,0,0,0,0,1717,3949,0,0,0,0,0,0,0,0,0,0,0,0,0,0,0,0,0,0,119,276,0,174832,402172,0,0,0
37,0,0,3158,279,0,0,11,0,0,0,0,0,0,0,0,0,0,0,0,0,0,0,0,0,0,0,0,0,0,0,0,0,0,0,0,0,0,0,0,0,0,0,0,0,0,0,0,0,0,0,0,0,0,0,0,0,0
7,0,490225,1181735,0,0,0,2635,1850,749,1158,549,86,86,79,134,1855,3716,10031,6205,7037,3655,4363,7792,35346,19191,9033,9303,13814,8386,9452,4994,11360,10919,7864,4059,8572,4180,18207,22217,9744,11146,22386,16330,17772,11648,10522,8517,8368,1894,2593,5691,4064,8106,13214,26709,36456,28823
37,0,459348,840536,0,93,0,1104,11709,11463,11212,9229,11297,12878,20216,13103,9217,6819,6348,9656,6791,8624,8818,9360,7933,16248,9031,13396,16275,14230,8409,6768,7873,10468,12765,10609,10683,8648,5390,9494,4086,3979,4441,5212,4970,2814,1248,3977,3754,12352,8362,5146,6384,13548,8852,9001,12371,13891
15,500,20431,6343,0,0,0,4,0,0,0,0,0,0,0,0,0,0,0,0,0,0,0,0,0,0,0,0,0,0,0,0,0,184,148,0,0,0,0,0,5410,4458,68,0,0,0,0,0,51,464,458,94,2464,4359,2113,160,0,0
59,0,4107892,743991,0,0,0,330,11322,34295,66310,88962,105140,60278,57986,51293,37521,68746,76317,133117,131444,60027,51286,59451,74630,78554,92621,95357,73073,99581,93514,63795,66918,88191,73332,113121,159084,119245,84250,108399,111005,81807,72567,85023,103566,70472,68641,77222,60070,47752,78214,109575,44407,65761,121869,106319,118298,108164
54,0,3006425,2229784,0,0,222778,4478,10491,27360,19651,15516,34436,29716,32645,22083,28709,15373,28311,26585,55890,31054,63661,23447,37889,13974,61739,42216,45633,31544,14316,23885,29203,23854,57135,56532,85872,49093,38130,42768,21209,29216,84322,56383,131394,233978,591902,34190,14932,112856,86659,76080,138721,39076,125651,22672,40965,47508
12,0,66288,20066,0,0,0,47,117,0,389,81,593,799,212,14,1270,336,291,898,175,1056,709,839,614,373,335,57,389,573,563,374,335,57,0,277,57,38840,8699,509,81,285,59,0,389,860,162,0,0,285,59,0,389,685,1180,291,793,939
81,0,1123892,4505098,0,0,3270,340,14452,24169,20718,24266,30175,14727,17645,26439,10825,20013,11592,29481,17594,20291,24280,20235,20769,23186,16114,7647,15051,36543,20563,20259,10999,26113,7830,7896,26605,18187,26602,14091,13529,10619,20180,13373,46443,45437,106873,16855,17046,11105,30543,21671,23534,8488,24816,36961,24334,26728
74,0,482551,3100551,0,0,0,1857,4099,4028,5033,6226,2992,4011,6471,6858,3640,6241,15880,19214,15995,6105,11458,22555,4853,5684,3450,3177,5723,6063,8559,9254,9004,10131,12703,10634,8621,10868,18669,14794,18158,12998,12737,13162,9482,9630,10594,10591,10366,10709,10487,9869,8955,9737,11323,11390,9280,10090
16,0,16942,16900,0,0,0,13,134,0,0,0,0,183,2994,2009,145,0,0,0,0,0,0,0,0,84,52,0,1287,1113,197,0,0,0,0,0,0,0,121,250,161,32,0,0,0,256,158,53,1949,1464,175,256,158,53,1992,1491,175,0
1,500,775117,15571,0,0,0,13,167,6,251,0,0,0,0,0,0,0,0,0,0,0,0,0,2,83,0,0,0,0,0,5,231,533,0,0,0,0,0,0,0,0,11,444,157,4209,67572,527763,172343,13,512,0,0,0,0,9,382,424
51,500,721388,15825665,0,0,0,768,49991,257402,34311,49684,67177,34296,25987,24099,7738,26580,16521,16298,3506,17,0,1367,13327,14484,15232,14652,4318,21,3850,19,0,1272,281,1,0,0,0,0,0,272,5459,3878,3870,3527,3697,3270,2497,3349,4730,4045,362,1,0,0,0,0
0,0,352,85,0,0,0,0,0,0,0,0,0,0,0,0,0,0,0,0,0,0,0,0,0,0,0,0,0,0,0,0,0,0,0,0,0,0,0,0,0,0,0,0,0,0,0,126,226,0,0,0,0,0,0,0,0,0
11,0,3462,6794,0,0,0,19,0,0,0,0,0,0,0,329,355,0,0,0,0,0,0,0,0,0,0,0,0,0,0,0,0,0,0,0,0,0,0,0,0,0,0,0,0,0,0,0,0,0,0,202,218,0,0,0,1071,1287
37,1000,5591343,18335784,0,610,225113,542,59853,54107,45082,47729,44101,58031,84666,87003,36756,212600,392325,91230,89676,147477,106259,102423,185,1695,3920,5219,77406,131046,101565,213027,97512,41631,83274,176424,226958,297306,307140,440123,276987,98381,129419,153730,153724,202680,91926,90085,84806,108833,45380,73129,70953,39377,203,25700,50448,31833
17,1000,0,1477,0,0,0,6,0,0,0,0,0,0,0,0,0,0,0,0,0,0,0,0,0,0,0,0,0,0,0,0,0,0,0,0,0,0,0,0,0,0,0,0,0,0,0,0,0,0,0,0,0,0,0,0,0,0
49,500,57537,109214,0,0,0,822,0,442,270,752,347,0,0,6952,5015,1014,99,1048,502,112,498,596,183,6176,4407,693,0,408,195,0,1393,879,101,91,43,0,1413,964,137,0,1275,804,92,1290,1815,573,0,0,264,127,6884,5324,970,327,1696,1366
42,500,12675630,2532821,0,0,0,13001,58594,22688,68913,338548,411467,530630,748392,510864,444003,187685,106142,157880,171257,251155,206474,209611,200537,166772,204674,401614,404261,365932,262166,210723,281011,249073,269405,281988,391361,248028,314499,168262,158263,90309,96405,182962,162510,201405,241220,226433,198754,188319,260292,256516,116011,41362,178509,426823,524817,280111
11,500,1489,573,0,0,0,0,0,0,0,0,0,0,0,0,0,0,86,283,0,0,0,0,0,0,0,78,254,0,0,0,0,0,0,73,240,0,0,0,0,0,0,111,364,0,0,0,0,0,0,0,0,0,0,0,0,0
66,1000,16400196,2469995,0,241,1473372,78,0,1627,3436,50597,623022,592092,766389,534477,103043,344,61025,596352,1125358,1431543,1080335,567119,514544,528167,567479,517653,606381,578295,353180,67443,3356,28479,246055,394601,97505,0,0,1239,532,412820,124916,305,270,258,1303,101538,361481,99966,158,298931,350175,1140422,775288,439402,93718,157577
84,0,997,489,0,0,0,2,0,0,0,0,0,0,0,0,0,0,0,0,0,0,0,0,0,0,0,0,0,0,0,0,0,0,0,0,0,0,0,0,0,0,0,0,0,0,286,336,62,0,0,0,254,59,0,0,0,0
28,500,13889329,2858738,0,633,4748545,63,1082,0,221,292,89266,812900,1229594,1549345,1480706,1353059,1495738,1291800,1190362,287802,0,155,24056,7872,209,1099,727,776,3738,1263,287,78,0,14339,531331,216835,15329,325,741,204,3373,2112,721,255,430,8589,620648,796084,238807,15196,41,221,261163,277549,62458,151
14,0,1607691,2001333,0,93,0,5295,19263,31089,27704,21822,20257,21151,47396,47397,38858,29474,32736,31707,37222,28167,30535,28536,23425,30171,13606,22289,34174,31057,24116,29641,32416,45818,29710,18643,15394,58426,61940,24828,9919,55568,129796,48672,9209,27041,26844,40852,34497,25499,23043,29848,22776,20958,19609,23064,26881,44647
22,0,66888,461,0,0,0,2,0,0,0,0,0,0,0,14673,15966,3684,37,0,0,0,0,4448,3396,0,0,0,0,0,0,0,0,0,0,0,0,0,0,13996,10688,0,0,0,0,0,0,0,0,0,0,0,0,0,0,0,0,0
16,0,1148269,1789405,0,0,0,5047,3040,10426,22997,19494,15125,27833,38518,46963,44406,32800,24816,28305,24485,31911,25249,14768,25777,28912,37533,29154,22280,30239,25182,21041,30077,36395,24325,18346,25338,22794,35867,38846,13699,17754,8942,20292,9542,2657,9373,36653,30763,11522,26104,21764,18106,17906,13150,8942,7271,10587
51,0,91460,1436210,0,0,0,482,844,1858,1121,1672,2576,5036,2373,1980,5582,1919,825,2263,926,1435,323,850,1664,1352,1071,1183,770,847,1435,1072,1203,1712,3630,5749,1124,1806,1803,2633,2720,3518,2341,2076,2068,1248,1464,1278,1240,338,701,733,1956,2658,765,1698,1354,2667
56,500,7825573,16354121,0,0,0,1740,162278,164341,163362,143889,144219,86786,155354,179557,154814,148681,112042,146185,148183,138597,136503,188204,160563,196930,177891,127380,179030,173097,153194,158716,141449,118675,96207,124614,163378,198654,171799,145622,195741,147213,171478,202485,113771,163025,182863,201078,232457,163904,118174,151578,140192,153236,150914,138207,162902,176161
56,1000,136,280,0,0,0,1,0,0,2,134,0,0,0,0,0,0,0,0,0,0,0,0,0,0,0,0,0,0,0,0,0,0,0,0,0,0,0,0,0,0,0,0,0,0,0,0,0,0,0,0,0,0,0,0,0,0
61,0,0,198,0,0,0,0,0,0,0,0,0,0,0,0,0,0,0,0,0,0,0,0,0,0,0,0,0,0,0,0,0,0,0,0,0,0,0,0,0,0,0,0,0,0,0,0,0,0,0,0,0,0,0,0,0,0
25,0,8042178,9511224,0,0,0,539,6172,47031,17217,296,25574,14753,3153,206133,499033,299900,124552,67741,373411,131292,228514,152490,277322,849558,693321,416273,199980,44333,36755,113437,358198,161170,55177,23799,119712,42690,44762,48943,148528,93660,100011,199894,149594,60728,36689,58149,61332,51080,31723,216541,712962,376686,56345,3557,1685,322
37,500,7117927,1810679,0,0,164766,59,71434,40222,111,138,38,4836,4930,76230,204624,117602,130,1659,1805,164451,139463,3396,0,1770,349948,546979,307932,77621,1781,12426,9200,38,574,6251,4765,0,2883,288140,235937,382,192950,475916,468538,737960,775148,253595,38,158,289,1837,1518,149358,707430,583473,84718,7305
49,1000,3598,2469,0,0,0,6,0,140,164,39,140,164,39,0,140,164,39,0,0,0,140,164,39,187,298,164,39,0,0,0,187,157,0,0,0,0,0,0,0,0,0,0,187,157,0,0,0,0,210,176,0,252,212,0,0,0
89,1000,1617,383,0,0,0,1,0,0,0,0,0,0,0,0,0,0,0,0,159,193,0,0,0,0,0,0,0,266,362,47,0,0,0,0,0,0,267,323,0,0,0,0,0,0,0,0,0,0,0,0,0,0,0,0,0,0
48,0,852354,3849028,0,0,0,1026,18253,16742,15509,11848,9267,15405,19174,15601,15377,11882,13013,15735,18505,21632,14951,14791,22484,20055,16726,15936,14105,11242,13001,19131,13346,24178,31436,31942,21409,14538,17027,27868,28922,24910,20801,17881,16294,13341,13444,7858,5987,16631,22501,17218,23272,17154,9733,10210,11722,12366
36,1000,12311,591175,0,0,0,291,498,2539,1801,0,0,46,86,633,2623,1804,0,0,0,0,0,0,170,145,0,92,79,0,0,0,0,0,0,0,0,0,0,0,0,0,0,0,179,153,0,0,0,92,218,288,190,383,292,0,0,0
33,1000,7246197,8317393,0,0,0,486,184470,247620,285739,160254,162489,287968,618217,681535,338598,211524,150039,184280,106278,75040,112427,120107,150707,155600,106434,102874,140591,105938,85750,234981,315937,203637,79918,11242,72635,115091,32039,16875,3871,1806,0,1135,25341,38572,2975,1859,22534,111322,172899,93552,23354,169465,284143,96142,157263,183130
35,1000,8129434,4104601,0,0,0,10741,289570,334482,421111,430677,198305,124062,115975,137285,142401,135520,174335,150435,150081,154838,196645,134940,127646,188196,164467,129533,222018,236518,137469,117724,126900,160651,130349,136570,115786,141879,119950,120179,126781,164718,155193,123915,101573,169404,153214,131172,138083,117571,118861,116712,127102,135470,147353,146871,123879,165065
10,0,14750927,8773041,16567,0,5103438,366,12443,10512,41206,91225,41158,0,4697,8559,16067,30227,2462,0,0,4260,39686,84711,90198,113214,102566,137383,275938,445526,528482,498345,629159,702946,297464,57983,77419,82207,223857,395343,517573,330315,14026,125125,290366,576625,1106796,523472,51204,154390,124395,269990,928971,1444745,1539914,1127367,430654,149756
69,0,880456,629866,0,0,0,687,19483,23974,20613,15872,17449,19361,9869,9447,20246,20325,13702,12577,16771,16547,21655,29218,28937,35793,24275,19905,21222,21981,12846,13274,14876,14721,8903,17630,22828,11868,9656,15103,14175,14985,15603,12788,12631,15114,26489,25351,18869,14176,16893,15146,15783,15199,10217,15514,19827,20769
20,1000,7139,9127,0,0,0,32,83,100,263,235,266,108,139,73,0,0,83,100,29,0,0,0,56,112,239,102,0,0,347,265,335,265,59,0,279,426,202,29,139,73,0,0,166,200,328,327,154,29,186,227,124,261,205,100,252,173
24,1000,480443,808947,0,0,0,572,492,12644,13703,12111,14356,4534,376,9495,13700,12462,3473,11940,3217,2026,24600,6349,1039,16340,19206,26194,5958,4584,26260,6470,14552,14277,3597,11769,12113,13180,2791,5251,2584,454,5798,1622,10829,2783,0,6304,12149,25038,7319,17378,15044,3024,3900,29121,7405,632
17,500,4224546,509401,0,0,0,206,64474,92348,164043,117273,28798,1850,30933,10259,38610,27246,35829,82374,73223,118671,51204,79640,59810,95836,27750,0,0,257,32716,41070,53840,440422,147855,2433,0,0,0,0,387558,600803,282779,42189,274,114,21,14865,364707,267441,49066,0,0,71961,149757,65995,8058,194
4,0,256,85,0,0,0,0,0,0,0,0,0,0,0,0,0,0,0,0,0,0,0,0,0,0,0,0,0,0,0,0,0,0,0,0,0,0,0,0,0,0,0,0,0,0,0,0,0,0,0,0,135,121,0,0,0,0
14,500,0,0,0,0,0,0,0,0,0,0,0,0,0,0,0,0,0,0,0,0,0,0,0,0,0,0,0,0,0,0,0,0,0,0,0,0,0,0,0,0,0,0,0,0,0,0,0,0,0,0,0,0,0,0,0,0
20,500,54605,26496,0,0,0,75,194,1326,3407,146,898,3000,2153,4406,2596,1457,304,520,1085,460,927,2947,649,2207,7410,677,398,0,0,0,116,1230,2821,75,0,0,10,75,10,75,0,0,0,121,883,75,61,706,2113,1580,560,974,1788,3342,504,319
49,500,332,127,0,0,0,0,0,0,0,0,0,0,0,0,0,0,0,0,0,0,0,0,0,0,0,0,0,0,0,0,0,0,144,188,0,0,0,0,0,0,0,0,0,0,0,0,0,0,0,0,0,0,0,0,0,0
34,500,467,85,0,0,0,0,0,0,0,0,0,0,0,0,0,0,0,0,0,0,0,0,0,0,0,0,0,202,265,0,0,0,0,0,0,0,0,0,0,0,0,0,0,0,0,0,0,0,0,0,0,0,0,0,0,0
80,1000,23326313,3854472,0,845,742643,72,510423,900978,697463,221,245,94489,363934,203407,732396,1222897,1424223,1121834,1007937,832698,1003661,834628,712996,250616,52739,302129,530713,624077,820573,1456279,1415546,1504951,1434171,1235047,329439,54668,153,26956,154496,208047,0,0,89602,437937,399744,0,36,135,0,0,71264,261767,67,92,337,302
13,500,3888587,11700579,0,0,0,48,31816,236242,408,0,99,769,0,0,0,0,3984,31000,357,799,76,0,23,63437,491670,344,471,2106,3612,69057,520888,3305,2693,2324,2840,1409,558,873,851,1594,533,9,99,179,89554,770274,648650,562669,55398,137,33644,253183,109,256,32,256
6,500,2298531,545756,0,0,0,33,428000,96976,159,219,1225,2688,745,19,66,19,2349,3628,22958,6541,286834,574536,144298,3360,774,903,912,2764,810,19,0,2282,885,3523,1158,328834,183638,25612,6424,43109,11908,133,1213,49163,14227,29604,8534,0,0,0,3457,998,2349,678,0,0
80,0,741521,9695844,0,0,0,269,558,209,430,609,809,2847,3510,3776,12150,139879,275674,160515,26197,3976,4062,2693,2760,6464,6834,2197,2204,1994,1895,2485,3671,3757,2681,2511,1674,1526,1644,1472,2241,2784,1872,1520,1639,1864,1761,3561,4127,2832,10003,11132,1977,1580,1875,2142,2524,2424
79,500,0,0,0,0,0,0,0,0,0,0,0,0,0,0,0,0,0,0,0,0,0,0,0,0,0,0,0,0,0,0,0,0,0,0,0,0,0,0,0,0,0,0,0,0,0,0,0,0,0,0,0,0,0,0,0,0
42,500,21559024,2958104,0,0,247515,1413,721622,484430,274155,483954,557671,474582,512315,330816,246182,380693,408285,201947,303240,437942,419978,459824,483376,721401,773446,691358,424653,364181,425794,533410,627910,625828,904985,1068142,1142568,1038930,862513,446441,248175,372054,294377,169886,122349,114544,113859,54980,76438,235764,292249,208542,342509,451508,356514,143048,62244,67412
68,0,2423230,6215541,0,0,981110,160,124312,16312,243,309454,40603,275,36,290,279,29559,3874,97172,53025,20159,1110087,145578,7910,60989,59386,6760,0,66388,9866,2356,2570,2047,2206,654,355,39,0,0,0,0,0,0,76,794,102,0,47348,6213,988,1878,229,0,833,12203,90922,88860
77,1000,704,170,0,0,0,0,0,0,0,0,0,0,0,0,0,0,0,0,0,0,111,241,0,0,0,0,0,0,0,0,0,0,0,0,0,0,0,0,0,0,0,0,0,0,0,0,0,0,0,0,0,0,111,241,0,0
73,0,11545781,7943489,0,0,245619,1332,377094,409952,330428,305124,571819,605538,79761,14803,469885,389658,133644,197569,292357,58107,166244,675545,223177,24158,139436,28745,90320,858076,296785,637425,99750,4304,46914,9157,403375,67139,7615,5121,3907,36479,7187,2192,2012,4019,199650,31880,80885,302027,52114,518736,156859,35145,436276,1107215,204037,346136
45,0,7691056,10344693,0,0,0,247,343501,429010,218578,166401,95505,5259,35895,53370,16088,15490,62662,305353,346621,54797,179844,247247,187201,63184,24353,72565,75368,45277,35301,15166,102830,215954,281273,218167,89067,106066,163454,238605,191213,172691,49396,28314,34910,88010,451603,795285,682937,393333,139702,13001,15162,40940,52428,27635,0,5044
57,0,14415260,799143,0,593,2579772,144,0,0,128,250,150,256,49396,271130,768311,1189720,1216819,965506,864067,1244928,1365165,1038218,1074219,1224448,556748,3630,289,289,160,199303,583854,418255,111898,142126,112642,136273,640,2515,5110,4010,381,0,448,597,176,221,76,0,610,762,0,128,173856,274029,223747,189776
33,0,842836,2599899,0,0,0,2515,13626,17666,16041,14563,16004,19056,19463,14107,17913,23508,16155,15021,24660,19072,9543,9045,9428,7965,12299,12169,29994,32058,10414,10795,15862,25935,25263,15170,12624,9438,11502,19119,18216,33469,31920,12346,9137,6417,6387,22474,22926,13652,22622,20930,15439,14360,10054,23226,22384,11399
6,0,121382,428781,0,0,0,458,6682,3291,148,46,442,1459,3460,74,837,5428,397,60,831,2857,0,0,63,858,3840,6752,4912,120,332,256,1954,11137,992,4976,3455,2427,11473,1462,869,1859,9867,5060,1664,8127,847,3533,25,619,3366,3008,479,0,0,34,318,686
31,500,767,376,0,0,0,1,0,0,0,0,0,0,0,0,0,0,0,0,0,0,115,652,0,0,0,0,0,0,0,0,0,0,0,0,0,0,0,0,0,0,0,0,0,0,0,0,0,0,0,0,0,0,0,0,0,0
78,1000,333,318,0,0,0,0,0,0,0,0,0,0,0,0,0,0,0,0,0,0,0,0,0,0,0,0,0,0,0,0,0,0,0,0,0,0,0,0,0,0,0,0,0,0,0,0,0,0,0,0,0,0,0,114,219,0
60,0,1309,255,0,0,0,1,0,0,0,0,0,0,0,0,0,0,0,0,0,0,0,0,0,0,160,448,238,0,0,150,313,0,0,0,0,0,0,0,0,0,0,0,0,0,0,0,0,0,0,0,0,0,0,0,0,0
7,1000,0,0,0,0,0,0,0,0,0,0,0,0,0,0,0,0,0,0,0,0,0,0,0,0,0,0,0,0,0,0,0,0,0,0,0,0,0,0,0,0,0,0,0,0,0,0,0,0,0,0,0,0,0,0,0,0
43,1000,0,0,0,0,0,0,0,0,0,0,0,0,0,0,0,0,0,0,0,0,0,0,0,0,0,0,0,0,0,0,0,0,0,0,0,0,0,0,0,0,0,0,0,0,0,0,0,0,0,0,0,0,0,0,0,0
44,1000,1184766,4472419,241,0,0,304,33157,25566,29407,24781,48394,86894,54693,12389,10627,12596,10597,14133,27603,28822,17679,9763,8666,22993,30540,17893,10609,17419,21049,19396,21886,27994,31448,36414,32196,25836,26716,25851,29011,32485,25169,19811,26377,30805,19905,10023,13863,13895,14126,19702,21754,16561,14347,17547,19249,16129
12,1000,0,0,0,0,0,0,0,0,0,0,0,0,0,0,0,0,0,0,0,0,0,0,0,0,0,0,0,0,0,0,0,0,0,0,0,0,0,0,0,0,0,0,0,0,0,0,0,0,0,0,0,0,0,0,0,0
24,0,265,5734,0,0,0,1,0,0,0,0,0,0,0,0,0,0,0,0,0,0,0,0,0,0,0,0,0,0,0,0,260,5,0,0,0,0,0,0,0,0,0,0,0,0,0,0,0,0,0,0,0,0,0,0,0,0
71,1000,8773281,5186394,0,0,0,12989,137852,152626,224701,160774,128564,196088,198701,203818,159639,126492,219501,154333,221200,195496,159201,148825,119930,166056,231658,145869,142296,193315,183315,201652,223670,143103,182975,225071,140954,199550,182339,146596,182907,178651,147902,180189,132304,172002,182875,157434,249287,193931,170738,139406,159865,207751,171064,138670,212639,179506
